frequency_mhz,frequency_hz,paper_electric_potential_spectrum_mv,source,note
0.0,0.0,0.0,visual_digitization_fig6b,Published Fig. 6(b) displayed electric-potential spectrum; digitized from page image.
0.0025,2500.0,6.16808790332192e-08,visual_digitization_fig6b,Published Fig. 6(b) displayed electric-potential spectrum; digitized from page image.
0.005,5000.0,1.0292903038183983e-06,visual_digitization_fig6b,Published Fig. 6(b) displayed electric-potential spectrum; digitized from page image.
0.0075,7500.0,5.433439747427172e-06,visual_digitization_fig6b,Published Fig. 6(b) displayed electric-potential spectrum; digitized from page image.
0.01,10000.0,1.7902123573001782e-05,visual_digitization_fig6b,Published Fig. 6(b) displayed electric-potential spectrum; digitized from page image.
0.0125,12500.0,4.555328153970499e-05,visual_digitization_fig6b,Published Fig. 6(b) displayed electric-potential spectrum; digitized from page image.
0.015,15000.0,9.842758433908127e-05,visual_digitization_fig6b,Published Fig. 6(b) displayed electric-potential spectrum; digitized from page image.
0.0175,17500.0,0.00018996314416135332,visual_digitization_fig6b,Published Fig. 6(b) displayed electric-potential spectrum; digitized from page image.
0.02,20000.0,0.00033751343045609184,visual_digitization_fig6b,Published Fig. 6(b) displayed electric-potential spectrum; digitized from page image.
0.0225,22500.0,0.0005629091212137132,visual_digitization_fig6b,Published Fig. 6(b) displayed electric-potential spectrum; digitized from page image.
0.025,25000.0,0.0008930639253456834,visual_digitization_fig6b,Published Fig. 6(b) displayed electric-potential spectrum; digitized from page image.
0.0275,27500.0,0.00136062355509105,visual_digitization_fig6b,Published Fig. 6(b) displayed electric-potential spectrum; digitized from page image.
0.03,30000.0,0.0020046559923941375,visual_digitization_fig6b,Published Fig. 6(b) displayed electric-potential spectrum; digitized from page image.
0.0325,32500.0,0.0028713799647359615,visual_digitization_fig6b,Published Fig. 6(b) displayed electric-potential spectrum; digitized from page image.
0.035,35000.0,0.004014927111114658,visual_digitization_fig6b,Published Fig. 6(b) displayed electric-potential spectrum; digitized from page image.
0.0375,37500.0,0.005498131668306247,visual_digitization_fig6b,Published Fig. 6(b) displayed electric-potential spectrum; digitized from page image.
0.04,40000.0,0.007393339636557312,visual_digitization_fig6b,Published Fig. 6(b) displayed electric-potential spectrum; digitized from page image.
0.0425,42500.0,0.009783227294151733,visual_digitization_fig6b,Published Fig. 6(b) displayed electric-potential spectrum; digitized from page image.
0.045,45000.0,0.012761616631665203,visual_digitization_fig6b,Published Fig. 6(b) displayed electric-potential spectrum; digitized from page image.
0.0475,47500.0,0.016434272788993766,visual_digitization_fig6b,Published Fig. 6(b) displayed electric-potential spectrum; digitized from page image.
0.05,50000.0,0.020919665933302637,visual_digitization_fig6b,Published Fig. 6(b) displayed electric-potential spectrum; digitized from page image.
0.0525,52500.0,0.02634967725991267,visual_digitization_fig6b,Published Fig. 6(b) displayed electric-potential spectrum; digitized from page image.
0.055,55000.0,0.0328702259930153,visual_digitization_fig6b,Published Fig. 6(b) displayed electric-potential spectrum; digitized from page image.
0.0575,57500.0,0.04064179148919806,visual_digitization_fig6b,Published Fig. 6(b) displayed electric-potential spectrum; digitized from page image.
0.06,60000.0,0.049839801903819377,visual_digitization_fig6b,Published Fig. 6(b) displayed electric-potential spectrum; digitized from page image.
0.0625,62500.0,0.06065485848855981,visual_digitization_fig6b,Published Fig. 6(b) displayed electric-potential spectrum; digitized from page image.
0.065,65000.0,0.07329276258903435,visual_digitization_fig6b,Published Fig. 6(b) displayed electric-potential spectrum; digitized from page image.
0.0675,67500.0,0.08797431096517178,visual_digitization_fig6b,Published Fig. 6(b) displayed electric-potential spectrum; digitized from page image.
0.07,70000.0,0.10493482434314115,visual_digitization_fig6b,Published Fig. 6(b) displayed electric-potential spectrum; digitized from page image.
0.0725,72500.0,0.12442337431925918,visual_digitization_fig6b,Published Fig. 6(b) displayed electric-potential spectrum; digitized from page image.
0.075,75000.0,0.14670167507589987,visual_digitization_fig6b,Published Fig. 6(b) displayed electric-potential spectrum; digitized from page image.
0.0775,77500.0,0.1720426090408799,visual_digitization_fig6b,Published Fig. 6(b) displayed electric-potential spectrum; digitized from page image.
0.08,80000.0,0.2007283598210712,visual_digitization_fig6b,Published Fig. 6(b) displayed electric-potential spectrum; digitized from page image.
0.0825,82500.0,0.23304813164421975,visual_digitization_fig6b,Published Fig. 6(b) displayed electric-potential spectrum; digitized from page image.
0.085,85000.0,0.26929544229247543,visual_digitization_fig6b,Published Fig. 6(b) displayed electric-potential spectrum; digitized from page image.
0.08750000000000001,87500.00000000001,0.30976498619963677,visual_digitization_fig6b,Published Fig. 6(b) displayed electric-potential spectrum; digitized from page image.
0.09,90000.0,0.3547490760372165,visual_digitization_fig6b,Published Fig. 6(b) displayed electric-potential spectrum; digitized from page image.
0.0925,92500.0,0.4045336846728937,visual_digitization_fig6b,Published Fig. 6(b) displayed electric-potential spectrum; digitized from page image.
0.095,95000.0,0.4593941246866258,visual_digitization_fig6b,Published Fig. 6(b) displayed electric-potential spectrum; digitized from page image.
0.0975,97500.0,0.5195904193939432,visual_digitization_fig6b,Published Fig. 6(b) displayed electric-potential spectrum; digitized from page image.
0.1,100000.0,0.5853624371399382,visual_digitization_fig6b,Published Fig. 6(b) displayed electric-potential spectrum; digitized from page image.
0.10250000000000001,102500.00000000001,0.656924878938764,visual_digitization_fig6b,Published Fig. 6(b) displayed electric-potential spectrum; digitized from page image.
0.105,105000.0,0.7344622276480287,visual_digitization_fig6b,Published Fig. 6(b) displayed electric-potential spectrum; digitized from page image.
0.1075,107500.0,0.8181237839576007,visual_digitization_fig6b,Published Fig. 6(b) displayed electric-potential spectrum; digitized from page image.
0.11,110000.0,0.9080189295936955,visual_digitization_fig6b,Published Fig. 6(b) displayed electric-potential spectrum; digitized from page image.
0.1125,112500.0,1.0042127702612091,visual_digitization_fig6b,Published Fig. 6(b) displayed electric-potential spectrum; digitized from page image.
0.115,115000.0,1.106722318894497,visual_digitization_fig6b,Published Fig. 6(b) displayed electric-potential spectrum; digitized from page image.
0.11750000000000001,117500.0,1.215513382694711,visual_digitization_fig6b,Published Fig. 6(b) displayed electric-potential spectrum; digitized from page image.
0.12,120000.0,1.330498314212356,visual_digitization_fig6b,Published Fig. 6(b) displayed electric-potential spectrum; digitized from page image.
0.1225,122500.0,1.4515347765522664,visual_digitization_fig6b,Published Fig. 6(b) displayed electric-potential spectrum; digitized from page image.
0.125,125000.0,1.5784256550341962,visual_digitization_fig6b,Published Fig. 6(b) displayed electric-potential spectrum; digitized from page image.
0.1275,127500.0,1.7109202220524033,visual_digitization_fig6b,Published Fig. 6(b) displayed electric-potential spectrum; digitized from page image.
0.13,130000.0,1.8487166285516747,visual_digitization_fig6b,Published Fig. 6(b) displayed electric-potential spectrum; digitized from page image.
0.1325,132500.0,1.9914657550424593,visual_digitization_fig6b,Published Fig. 6(b) displayed electric-potential spectrum; digitized from page image.
0.135,135000.0,2.1387764084805245,visual_digitization_fig6b,Published Fig. 6(b) displayed electric-potential spectrum; digitized from page image.
0.1375,137500.0,2.2902218002171493,visual_digitization_fig6b,Published Fig. 6(b) displayed electric-potential spectrum; digitized from page image.
0.14,140000.0,2.4453471866564453,visual_digitization_fig6b,Published Fig. 6(b) displayed electric-potential spectrum; digitized from page image.
0.14250000000000002,142500.00000000003,2.6036785007381114,visual_digitization_fig6b,Published Fig. 6(b) displayed electric-potential spectrum; digitized from page image.
0.145,145000.0,2.7647317517219987,visual_digitization_fig6b,Published Fig. 6(b) displayed electric-potential spectrum; digitized from page image.
0.1475,147500.0,2.928022925985954,visual_digitization_fig6b,Published Fig. 6(b) displayed electric-potential spectrum; digitized from page image.
0.15,150000.0,3.0930780856529623,visual_digitization_fig6b,Published Fig. 6(b) displayed electric-potential spectrum; digitized from page image.
0.1525,152500.0,3.259443337610231,visual_digitization_fig6b,Published Fig. 6(b) displayed electric-potential spectrum; digitized from page image.
0.155,155000.0,3.4266943352005437,visual_digitization_fig6b,Published Fig. 6(b) displayed electric-potential spectrum; digitized from page image.
0.1575,157500.0,3.5944449802219354,visual_digitization_fig6b,Published Fig. 6(b) displayed electric-potential spectrum; digitized from page image.
0.16,160000.0,3.7623550146780937,visual_digitization_fig6b,Published Fig. 6(b) displayed electric-potential spectrum; digitized from page image.
0.1625,162500.0,3.930136229789556,visual_digitization_fig6b,Published Fig. 6(b) displayed electric-potential spectrum; digitized from page image.
0.165,165000.0,4.097557072836067,visual_digitization_fig6b,Published Fig. 6(b) displayed electric-potential spectrum; digitized from page image.
0.1675,167500.0,4.264445498103618,visual_digitization_fig6b,Published Fig. 6(b) displayed electric-potential spectrum; digitized from page image.
0.17,170000.0,4.4306899832218,visual_digitization_fig6b,Published Fig. 6(b) displayed electric-potential spectrum; digitized from page image.
0.17250000000000001,172500.0,4.596238712359418,visual_digitization_fig6b,Published Fig. 6(b) displayed electric-potential spectrum; digitized from page image.
0.17500000000000002,175000.00000000003,4.7610970084297435,visual_digitization_fig6b,Published Fig. 6(b) displayed electric-potential spectrum; digitized from page image.
0.1775,177500.0,4.925323172768603,visual_digitization_fig6b,Published Fig. 6(b) displayed electric-potential spectrum; digitized from page image.
0.18,180000.0,5.089022957991326,visual_digitization_fig6b,Published Fig. 6(b) displayed electric-potential spectrum; digitized from page image.
0.1825,182500.0,5.252342953757837,visual_digitization_fig6b,Published Fig. 6(b) displayed electric-potential spectrum; digitized from page image.
0.185,185000.0,5.415463202725878,visual_digitization_fig6b,Published Fig. 6(b) displayed electric-potential spectrum; digitized from page image.
0.1875,187500.0,5.578589382969758,visual_digitization_fig6b,Published Fig. 6(b) displayed electric-potential spectrum; digitized from page image.
0.19,190000.0,5.741944892860353,visual_digitization_fig6b,Published Fig. 6(b) displayed electric-potential spectrum; digitized from page image.
0.1925,192500.0,5.9057631555293355,visual_digitization_fig6b,Published Fig. 6(b) displayed electric-potential spectrum; digitized from page image.
0.195,195000.0,6.070280424609463,visual_digitization_fig6b,Published Fig. 6(b) displayed electric-potential spectrum; digitized from page image.
0.1975,197500.0,6.235729324137704,visual_digitization_fig6b,Published Fig. 6(b) displayed electric-potential spectrum; digitized from page image.
0.2,200000.0,6.40233329736579,visual_digitization_fig6b,Published Fig. 6(b) displayed electric-potential spectrum; digitized from page image.
0.2025,202500.0,6.570302076259956,visual_digitization_fig6b,Published Fig. 6(b) displayed electric-potential spectrum; digitized from page image.
0.20500000000000002,205000.00000000003,6.739828220277468,visual_digitization_fig6b,Published Fig. 6(b) displayed electric-potential spectrum; digitized from page image.
0.20750000000000002,207500.00000000003,6.911084713846218,visual_digitization_fig6b,Published Fig. 6(b) displayed electric-potential spectrum; digitized from page image.
0.21,210000.0,7.084223560439183,visual_digitization_fig6b,Published Fig. 6(b) displayed electric-potential spectrum; digitized from page image.
0.2125,212500.0,7.259375269890032,visual_digitization_fig6b,Published Fig. 6(b) displayed electric-potential spectrum; digitized from page image.
0.215,215000.0,7.436649106220324,visual_digitization_fig6b,Published Fig. 6(b) displayed electric-potential spectrum; digitized from page image.
0.2175,217500.0,7.616133946209394,visual_digitization_fig6b,Published Fig. 6(b) displayed electric-potential spectrum; digitized from page image.
0.22,220000.0,7.797899593665915,visual_digitization_fig6b,Published Fig. 6(b) displayed electric-potential spectrum; digitized from page image.
0.2225,222500.0,7.981998399430865,visual_digitization_fig6b,Published Fig. 6(b) displayed electric-potential spectrum; digitized from page image.
0.225,225000.0,8.168467050506498,visual_digitization_fig6b,Published Fig. 6(b) displayed electric-potential spectrum; digitized from page image.
0.2275,227500.0,8.357328410976782,visual_digitization_fig6b,Published Fig. 6(b) displayed electric-potential spectrum; digitized from page image.
0.23,230000.0,8.548593320091495,visual_digitization_fig6b,Published Fig. 6(b) displayed electric-potential spectrum; digitized from page image.
0.2325,232500.0,8.74226227672602,visual_digitization_fig6b,Published Fig. 6(b) displayed electric-potential spectrum; digitized from page image.
0.23500000000000001,235000.0,8.93832696244177,visual_digitization_fig6b,Published Fig. 6(b) displayed electric-potential spectrum; digitized from page image.
0.23750000000000002,237500.00000000003,9.136771576063698,visual_digitization_fig6b,Published Fig. 6(b) displayed electric-potential spectrum; digitized from page image.
0.24,240000.0,9.337573970074708,visual_digitization_fig6b,Published Fig. 6(b) displayed electric-potential spectrum; digitized from page image.
0.2425,242500.0,9.540706592715871,visual_digitization_fig6b,Published Fig. 6(b) displayed electric-potential spectrum; digitized from page image.
0.245,245000.0,9.746137249417732,visual_digitization_fig6b,Published Fig. 6(b) displayed electric-potential spectrum; digitized from page image.
0.2475,247500.0,9.95382970335711,visual_digitization_fig6b,Published Fig. 6(b) displayed electric-potential spectrum; digitized from page image.
0.25,250000.0,10.163744138045361,visual_digitization_fig6b,Published Fig. 6(b) displayed electric-potential spectrum; digitized from page image.
0.2525,252500.0,10.375837505543236,visual_digitization_fig6b,Published Fig. 6(b) displayed electric-potential spectrum; digitized from page image.
0.255,255000.0,10.590063782827015,visual_digitization_fig6b,Published Fig. 6(b) displayed electric-potential spectrum; digitized from page image.
0.2575,257500.0,10.806374156620562,visual_digitization_fig6b,Published Fig. 6(b) displayed electric-potential spectrum; digitized from page image.
0.26,260000.0,11.024717154188824,visual_digitization_fig6b,Published Fig. 6(b) displayed electric-potential spectrum; digitized from page image.
0.2625,262500.0,11.245038734575365,visual_digitization_fig6b,Published Fig. 6(b) displayed electric-potential spectrum; digitized from page image.
0.265,265000.0,11.467282351856982,visual_digitization_fig6b,Published Fig. 6(b) displayed electric-potential spectrum; digitized from page image.
0.2675,267500.0,11.691388999369433,visual_digitization_fig6b,Published Fig. 6(b) displayed electric-potential spectrum; digitized from page image.
0.27,270000.0,11.91729724162581,visual_digitization_fig6b,Published Fig. 6(b) displayed electric-potential spectrum; digitized from page image.
0.2725,272500.0,12.144943238831903,visual_digitization_fig6b,Published Fig. 6(b) displayed electric-potential spectrum; digitized from page image.
0.275,275000.0,12.374260767480548,visual_digitization_fig6b,Published Fig. 6(b) displayed electric-potential spectrum; digitized from page image.
0.2775,277500.0,12.605181239433792,visual_digitization_fig6b,Published Fig. 6(b) displayed electric-potential spectrum; digitized from page image.
0.28,280000.0,12.837633721118108,visual_digitization_fig6b,Published Fig. 6(b) displayed electric-potential spectrum; digitized from page image.
0.28250000000000003,282500.0,13.071544953903413,visual_digitization_fig6b,Published Fig. 6(b) displayed electric-potential spectrum; digitized from page image.
0.28500000000000003,285000.00000000006,13.306839376355697,visual_digitization_fig6b,Published Fig. 6(b) displayed electric-potential spectrum; digitized from page image.
0.28750000000000003,287500.00000000006,13.543439148798216,visual_digitization_fig6b,Published Fig. 6(b) displayed electric-potential spectrum; digitized from page image.
0.29,290000.0,13.781264180450147,visual_digitization_fig6b,Published Fig. 6(b) displayed electric-potential spectrum; digitized from page image.
0.2925,292500.0,14.02023215930587,visual_digitization_fig6b,Published Fig. 6(b) displayed electric-potential spectrum; digitized from page image.
0.295,295000.0,14.26025858485138,visual_digitization_fig6b,Published Fig. 6(b) displayed electric-potential spectrum; digitized from page image.
0.2975,297500.0,14.501256803673579,visual_digitization_fig6b,Published Fig. 6(b) displayed electric-potential spectrum; digitized from page image.
0.3,300000.0,14.743138047992023,visual_digitization_fig6b,Published Fig. 6(b) displayed electric-potential spectrum; digitized from page image.
0.3025,302500.0,14.98581147712663,visual_digitization_fig6b,Published Fig. 6(b) displayed electric-potential spectrum; digitized from page image.
0.305,305000.0,15.229184221903486,visual_digitization_fig6b,Published Fig. 6(b) displayed electric-potential spectrum; digitized from page image.
0.3075,307500.0,15.473161431993077,visual_digitization_fig6b,Published Fig. 6(b) displayed electric-potential spectrum; digitized from page image.
0.31,310000.0,15.717646326168554,visual_digitization_fig6b,Published Fig. 6(b) displayed electric-potential spectrum; digitized from page image.
0.3125,312500.0,15.962540245466242,visual_digitization_fig6b,Published Fig. 6(b) displayed electric-potential spectrum; digitized from page image.
0.315,315000.0,16.20774270922526,visual_digitization_fig6b,Published Fig. 6(b) displayed electric-potential spectrum; digitized from page image.
0.3175,317500.0,16.45315147397824,visual_digitization_fig6b,Published Fig. 6(b) displayed electric-potential spectrum; digitized from page image.
0.32,320000.0,16.69866259516015,visual_digitization_fig6b,Published Fig. 6(b) displayed electric-potential spectrum; digitized from page image.
0.3225,322500.0,16.944170491597465,visual_digitization_fig6b,Published Fig. 6(b) displayed electric-potential spectrum; digitized from page image.
0.325,325000.0,17.18956801273489,visual_digitization_fig6b,Published Fig. 6(b) displayed electric-potential spectrum; digitized from page image.
0.3275,327500.0,17.434746508552283,visual_digitization_fig6b,Published Fig. 6(b) displayed electric-potential spectrum; digitized from page image.
0.33,330000.0,17.679595902119317,visual_digitization_fig6b,Published Fig. 6(b) displayed electric-potential spectrum; digitized from page image.
0.3325,332500.0,17.92400476473082,visual_digitization_fig6b,Published Fig. 6(b) displayed electric-potential spectrum; digitized from page image.
0.335,335000.0,18.167860393560925,visual_digitization_fig6b,Published Fig. 6(b) displayed electric-potential spectrum; digitized from page image.
0.3375,337500.0,18.41104889176934,visual_digitization_fig6b,Published Fig. 6(b) displayed electric-potential spectrum; digitized from page image.
0.34,340000.0,18.653455250988507,visual_digitization_fig6b,Published Fig. 6(b) displayed electric-potential spectrum; digitized from page image.
0.3425,342500.0,18.89496343611573,visual_digitization_fig6b,Published Fig. 6(b) displayed electric-potential spectrum; digitized from page image.
0.34500000000000003,345000.0,19.13545647232979,visual_digitization_fig6b,Published Fig. 6(b) displayed electric-potential spectrum; digitized from page image.
0.34750000000000003,347500.00000000006,19.374816534247167,visual_digitization_fig6b,Published Fig. 6(b) displayed electric-potential spectrum; digitized from page image.
0.35000000000000003,350000.00000000006,19.612925037128512,visual_digitization_fig6b,Published Fig. 6(b) displayed electric-potential spectrum; digitized from page image.
0.3525,352500.0,19.849662730041896,visual_digitization_fig6b,Published Fig. 6(b) displayed electric-potential spectrum; digitized from page image.
0.355,355000.0,20.084909790884943,visual_digitization_fig6b,Published Fig. 6(b) displayed electric-potential spectrum; digitized from page image.
0.3575,357500.0,20.318545923164184,visual_digitization_fig6b,Published Fig. 6(b) displayed electric-potential spectrum; digitized from page image.
0.36,360000.0,20.550450454425857,visual_digitization_fig6b,Published Fig. 6(b) displayed electric-potential spectrum; digitized from page image.
0.3625,362500.0,20.78050243622859,visual_digitization_fig6b,Published Fig. 6(b) displayed electric-potential spectrum; digitized from page image.
0.365,365000.0,21.008580745544982,visual_digitization_fig6b,Published Fig. 6(b) displayed electric-potential spectrum; digitized from page image.
0.3675,367500.0,21.23456418747528,visual_digitization_fig6b,Published Fig. 6(b) displayed electric-potential spectrum; digitized from page image.
0.37,370000.0,21.458331599153258,visual_digitization_fig6b,Published Fig. 6(b) displayed electric-potential spectrum; digitized from page image.
0.3725,372500.0,21.679761954721315,visual_digitization_fig6b,Published Fig. 6(b) displayed electric-potential spectrum; digitized from page image.
0.375,375000.0,21.898734471248513,visual_digitization_fig6b,Published Fig. 6(b) displayed electric-potential spectrum; digitized from page image.
0.3775,377500.0,22.115128715462934,visual_digitization_fig6b,Published Fig. 6(b) displayed electric-potential spectrum; digitized from page image.
0.38,380000.0,22.32882471116674,visual_digitization_fig6b,Published Fig. 6(b) displayed electric-potential spectrum; digitized from page image.
0.3825,382500.0,22.539703047200277,visual_digitization_fig6b,Published Fig. 6(b) displayed electric-potential spectrum; digitized from page image.
0.385,385000.0,22.747644985819118,visual_digitization_fig6b,Published Fig. 6(b) displayed electric-potential spectrum; digitized from page image.
0.3875,387500.0,22.95253257134623,visual_digitization_fig6b,Published Fig. 6(b) displayed electric-potential spectrum; digitized from page image.
0.39,390000.0,23.154248738959506,visual_digitization_fig6b,Published Fig. 6(b) displayed electric-potential spectrum; digitized from page image.
0.3925,392500.0,23.352677423473487,visual_digitization_fig6b,Published Fig. 6(b) displayed electric-potential spectrum; digitized from page image.
0.395,395000.0,23.54770366797299,visual_digitization_fig6b,Published Fig. 6(b) displayed electric-potential spectrum; digitized from page image.
0.3975,397500.0,23.739213732154877,visual_digitization_fig6b,Published Fig. 6(b) displayed electric-potential spectrum; digitized from page image.
0.4,400000.0,23.927095200233982,visual_digitization_fig6b,Published Fig. 6(b) displayed electric-potential spectrum; digitized from page image.
0.4025,402500.0,24.111237088268197,visual_digitization_fig6b,Published Fig. 6(b) displayed electric-potential spectrum; digitized from page image.
0.405,405000.0,24.291529950757695,visual_digitization_fig6b,Published Fig. 6(b) displayed electric-potential spectrum; digitized from page image.
0.40750000000000003,407500.0,24.467865986373038,visual_digitization_fig6b,Published Fig. 6(b) displayed electric-potential spectrum; digitized from page image.
0.41000000000000003,410000.00000000006,24.6401391426673,visual_digitization_fig6b,Published Fig. 6(b) displayed electric-potential spectrum; digitized from page image.
0.41250000000000003,412500.00000000006,24.808245219627683,visual_digitization_fig6b,Published Fig. 6(b) displayed electric-potential spectrum; digitized from page image.
0.41500000000000004,415000.00000000006,24.97208197192281,visual_digitization_fig6b,Published Fig. 6(b) displayed electric-potential spectrum; digitized from page image.
0.4175,417500.0,25.131549209702982,visual_digitization_fig6b,Published Fig. 6(b) displayed electric-potential spectrum; digitized from page image.
0.42,420000.0,25.286548897811716,visual_digitization_fig6b,Published Fig. 6(b) displayed electric-potential spectrum; digitized from page image.
0.4225,422500.0,25.436985253268624,visual_digitization_fig6b,Published Fig. 6(b) displayed electric-potential spectrum; digitized from page image.
0.425,425000.0,25.58276484088518,visual_digitization_fig6b,Published Fig. 6(b) displayed electric-potential spectrum; digitized from page image.
0.4275,427500.0,25.72379666687715,visual_digitization_fig6b,Published Fig. 6(b) displayed electric-potential spectrum; digitized from page image.
0.43,430000.0,25.85999227033948,visual_digitization_fig6b,Published Fig. 6(b) displayed electric-potential spectrum; digitized from page image.
0.4325,432500.0,25.991265812452227,visual_digitization_fig6b,Published Fig. 6(b) displayed electric-potential spectrum; digitized from page image.
0.435,435000.0,26.117534163288568,visual_digitization_fig6b,Published Fig. 6(b) displayed electric-potential spectrum; digitized from page image.
0.4375,437500.0,26.238716986099078,visual_digitization_fig6b,Published Fig. 6(b) displayed electric-potential spectrum; digitized from page image.
0.44,440000.0,26.35473681894971,visual_digitization_fig6b,Published Fig. 6(b) displayed electric-potential spectrum; digitized from page image.
0.4425,442500.0,26.465519153594247,visual_digitization_fig6b,Published Fig. 6(b) displayed electric-potential spectrum; digitized from page image.
0.445,445000.0,26.57099251146582,visual_digitization_fig6b,Published Fig. 6(b) displayed electric-potential spectrum; digitized from page image.
0.4475,447500.0,26.67108851667587,visual_digitization_fig6b,Published Fig. 6(b) displayed electric-potential spectrum; digitized from page image.
0.45,450000.0,26.76574196591313,visual_digitization_fig6b,Published Fig. 6(b) displayed electric-potential spectrum; digitized from page image.
0.4525,452500.0,26.85489089513959,visual_digitization_fig6b,Published Fig. 6(b) displayed electric-potential spectrum; digitized from page image.
0.455,455000.0,26.938476642984675,visual_digitization_fig6b,Published Fig. 6(b) displayed electric-potential spectrum; digitized from page image.
0.4575,457500.0,27.016443910744034,visual_digitization_fig6b,Published Fig. 6(b) displayed electric-potential spectrum; digitized from page image.
0.46,460000.0,27.08874081889372,visual_digitization_fig6b,Published Fig. 6(b) displayed electric-potential spectrum; digitized from page image.
0.4625,462500.0,27.15531896003617,visual_digitization_fig6b,Published Fig. 6(b) displayed electric-potential spectrum; digitized from page image.
0.465,465000.0,27.216133448199066,visual_digitization_fig6b,Published Fig. 6(b) displayed electric-potential spectrum; digitized from page image.
0.4675,467500.0,27.271142964414185,visual_digitization_fig6b,Published Fig. 6(b) displayed electric-potential spectrum; digitized from page image.
0.47000000000000003,470000.0,27.320309798508283,visual_digitization_fig6b,Published Fig. 6(b) displayed electric-potential spectrum; digitized from page image.
0.47250000000000003,472500.00000000006,27.36359988704429,visual_digitization_fig6b,Published Fig. 6(b) displayed electric-potential spectrum; digitized from page image.
0.47500000000000003,475000.00000000006,27.400982847356484,visual_digitization_fig6b,Published Fig. 6(b) displayed electric-potential spectrum; digitized from page image.
0.47750000000000004,477500.00000000006,27.432432007629526,visual_digitization_fig6b,Published Fig. 6(b) displayed electric-potential spectrum; digitized from page image.
0.48,480000.0,27.457924432977197,visual_digitization_fig6b,Published Fig. 6(b) displayed electric-potential spectrum; digitized from page image.
0.4825,482500.0,27.47744094748267,visual_digitization_fig6b,Published Fig. 6(b) displayed electric-potential spectrum; digitized from page image.
0.485,485000.0,27.490966152168557,visual_digitization_fig6b,Published Fig. 6(b) displayed electric-potential spectrum; digitized from page image.
0.4875,487500.0,27.49848843887122,visual_digitization_fig6b,Published Fig. 6(b) displayed electric-potential spectrum; digitized from page image.
0.49,490000.0,27.5,visual_digitization_fig6b,Published Fig. 6(b) displayed electric-potential spectrum; digitized from page image.
0.4925,492500.0,27.495496834168605,visual_digitization_fig6b,Published Fig. 6(b) displayed electric-potential spectrum; digitized from page image.
0.495,495000.0,27.484978747692274,visual_digitization_fig6b,Published Fig. 6(b) displayed electric-potential spectrum; digitized from page image.
0.4975,497500.0,27.468449351950635,visual_digitization_fig6b,Published Fig. 6(b) displayed electric-potential spectrum; digitized from page image.
0.5,500000.0,27.445916056622842,visual_digitization_fig6b,Published Fig. 6(b) displayed electric-potential spectrum; digitized from page image.
0.5025000000000001,502500.00000000006,27.417390058807783,visual_digitization_fig6b,Published Fig. 6(b) displayed electric-potential spectrum; digitized from page image.
0.505,505000.0,27.382886328048887,visual_digitization_fig6b,Published Fig. 6(b) displayed electric-potential spectrum; digitized from page image.
0.5075000000000001,507500.00000000006,27.342423587289076,visual_digitization_fig6b,Published Fig. 6(b) displayed electric-potential spectrum; digitized from page image.
0.51,510000.0,27.296024289788207,visual_digitization_fig6b,Published Fig. 6(b) displayed electric-potential spectrum; digitized from page image.
0.5125,512499.99999999994,27.243714592041176,visual_digitization_fig6b,Published Fig. 6(b) displayed electric-potential spectrum; digitized from page image.
0.515,515000.0,27.185524322741653,visual_digitization_fig6b,Published Fig. 6(b) displayed electric-potential spectrum; digitized from page image.
0.5175,517499.99999999994,27.121486947842143,visual_digitization_fig6b,Published Fig. 6(b) displayed electric-potential spectrum; digitized from page image.
0.52,520000.0,27.051639531767286,visual_digitization_fig6b,Published Fig. 6(b) displayed electric-potential spectrum; digitized from page image.
0.5225,522499.99999999994,26.976022694843515,visual_digitization_fig6b,Published Fig. 6(b) displayed electric-potential spectrum; digitized from page image.
0.525,525000.0,26.894680567013733,visual_digitization_fig6b,Published Fig. 6(b) displayed electric-potential spectrum; digitized from page image.
0.5275,527500.0,26.807660737911778,visual_digitization_fig6b,Published Fig. 6(b) displayed electric-potential spectrum; digitized from page image.
0.53,530000.0,26.715014203376697,visual_digitization_fig6b,Published Fig. 6(b) displayed electric-potential spectrum; digitized from page image.
0.5325,532500.0,26.61679530849277,visual_digitization_fig6b,Published Fig. 6(b) displayed electric-potential spectrum; digitized from page image.
0.535,535000.0,26.51306168724622,visual_digitization_fig6b,Published Fig. 6(b) displayed electric-potential spectrum; digitized from page image.
0.5375,537500.0,26.40387419889497,visual_digitization_fig6b,Published Fig. 6(b) displayed electric-potential spectrum; digitized from page image.
0.54,540000.0,26.289296861152625,visual_digitization_fig6b,Published Fig. 6(b) displayed electric-potential spectrum; digitized from page image.
0.5425,542500.0,26.16939678029294,visual_digitization_fig6b,Published Fig. 6(b) displayed electric-potential spectrum; digitized from page image.
0.545,545000.0,26.044244078285438,visual_digitization_fig6b,Published Fig. 6(b) displayed electric-potential spectrum; digitized from page image.
0.5475,547500.0,25.913911817077555,visual_digitization_fig6b,Published Fig. 6(b) displayed electric-potential spectrum; digitized from page image.
0.55,550000.0,25.778475920142704,visual_digitization_fig6b,Published Fig. 6(b) displayed electric-potential spectrum; digitized from page image.
0.5525,552500.0,25.63801509141795,visual_digitization_fig6b,Published Fig. 6(b) displayed electric-potential spectrum; digitized from page image.
0.555,555000.0,25.492610731758656,visual_digitization_fig6b,Published Fig. 6(b) displayed electric-potential spectrum; digitized from page image.
0.5575,557500.0,25.342346853041235,visual_digitization_fig6b,Published Fig. 6(b) displayed electric-potential spectrum; digitized from page image.
0.56,560000.0,25.18730999004828,visual_digitization_fig6b,Published Fig. 6(b) displayed electric-potential spectrum; digitized from page image.
0.5625,562500.0,25.02758911027403,visual_digitization_fig6b,Published Fig. 6(b) displayed electric-potential spectrum; digitized from page image.
0.5650000000000001,565000.0,24.863275521790328,visual_digitization_fig6b,Published Fig. 6(b) displayed electric-potential spectrum; digitized from page image.
0.5675,567500.0,24.694462779316755,visual_digitization_fig6b,Published Fig. 6(b) displayed electric-potential spectrum; digitized from page image.
0.5700000000000001,570000.0000000001,24.52124658864035,visual_digitization_fig6b,Published Fig. 6(b) displayed electric-potential spectrum; digitized from page image.
0.5725,572500.0,24.34372470953304,visual_digitization_fig6b,Published Fig. 6(b) displayed electric-potential spectrum; digitized from page image.
0.5750000000000001,575000.0000000001,24.161996857316613,visual_digitization_fig6b,Published Fig. 6(b) displayed electric-potential spectrum; digitized from page image.
0.5775,577500.0,23.976164603226973,visual_digitization_fig6b,Published Fig. 6(b) displayed electric-potential spectrum; digitized from page image.
0.58,580000.0,23.786331273730564,visual_digitization_fig6b,Published Fig. 6(b) displayed electric-potential spectrum; digitized from page image.
0.5825,582500.0,23.592601848947538,visual_digitization_fig6b,Published Fig. 6(b) displayed electric-potential spectrum; digitized from page image.
0.585,585000.0,23.395082860336807,visual_digitization_fig6b,Published Fig. 6(b) displayed electric-potential spectrum; digitized from page image.
0.5875,587500.0,23.19388228779887,visual_digitization_fig6b,Published Fig. 6(b) displayed electric-potential spectrum; digitized from page image.
0.59,590000.0,22.989109456353148,visual_digitization_fig6b,Published Fig. 6(b) displayed electric-potential spectrum; digitized from page image.
0.5925,592500.0,22.780874932546116,visual_digitization_fig6b,Published Fig. 6(b) displayed electric-potential spectrum; digitized from page image.
0.595,595000.0,22.569290420747205,visual_digitization_fig6b,Published Fig. 6(b) displayed electric-potential spectrum; digitized from page image.
0.5975,597500.0,22.354468659488337,visual_digitization_fig6b,Published Fig. 6(b) displayed electric-potential spectrum; digitized from page image.
0.6,600000.0,22.136523318003352,visual_digitization_fig6b,Published Fig. 6(b) displayed electric-potential spectrum; digitized from page image.
0.6025,602500.0,21.91556889312172,visual_digitization_fig6b,Published Fig. 6(b) displayed electric-potential spectrum; digitized from page image.
0.605,605000.0,21.691720606670955,visual_digitization_fig6b,Published Fig. 6(b) displayed electric-potential spectrum; digitized from page image.
0.6075,607500.0,21.465094303539864,visual_digitization_fig6b,Published Fig. 6(b) displayed electric-potential spectrum; digitized from page image.
0.61,610000.0,21.235806350554075,visual_digitization_fig6b,Published Fig. 6(b) displayed electric-potential spectrum; digitized from page image.
0.6125,612500.0,21.003973536312788,visual_digitization_fig6b,Published Fig. 6(b) displayed electric-potential spectrum; digitized from page image.
0.615,615000.0,20.769712972134286,visual_digitization_fig6b,Published Fig. 6(b) displayed electric-potential spectrum; digitized from page image.
0.6175,617500.0,20.533141994254898,visual_digitization_fig6b,Published Fig. 6(b) displayed electric-potential spectrum; digitized from page image.
0.62,620000.0,20.294378067424145,visual_digitization_fig6b,Published Fig. 6(b) displayed electric-potential spectrum; digitized from page image.
0.6225,622500.0,20.053538690035523,visual_digitization_fig6b,Published Fig. 6(b) displayed electric-potential spectrum; digitized from page image.
0.625,625000.0,19.810741300929905,visual_digitization_fig6b,Published Fig. 6(b) displayed electric-potential spectrum; digitized from page image.
0.6275000000000001,627500.0,19.566103188004778,visual_digitization_fig6b,Published Fig. 6(b) displayed electric-potential spectrum; digitized from page image.
0.63,630000.0,19.319741398759664,visual_digitization_fig6b,Published Fig. 6(b) displayed electric-potential spectrum; digitized from page image.
0.6325000000000001,632500.0000000001,19.071772652903647,visual_digitization_fig6b,Published Fig. 6(b) displayed electric-potential spectrum; digitized from page image.
0.635,635000.0,18.822313257147773,visual_digitization_fig6b,Published Fig. 6(b) displayed electric-potential spectrum; digitized from page image.
0.6375000000000001,637500.0000000001,18.571479022300085,visual_digitization_fig6b,Published Fig. 6(b) displayed electric-potential spectrum; digitized from page image.
0.64,640000.0,18.31938518277732,visual_digitization_fig6b,Published Fig. 6(b) displayed electric-potential spectrum; digitized from page image.
0.6425,642500.0,18.066146318641913,visual_digitization_fig6b,Published Fig. 6(b) displayed electric-potential spectrum; digitized from page image.
0.645,645000.0,17.81187628026859,visual_digitization_fig6b,Published Fig. 6(b) displayed electric-potential spectrum; digitized from page image.
0.6475,647500.0,17.556688115739195,visual_digitization_fig6b,Published Fig. 6(b) displayed electric-potential spectrum; digitized from page image.
0.65,650000.0,17.30069400105882,visual_digitization_fig6b,Published Fig. 6(b) displayed electric-potential spectrum; digitized from page image.
0.6525,652500.0,17.04400517328098,visual_digitization_fig6b,Published Fig. 6(b) displayed electric-potential spectrum; digitized from page image.
0.655,655000.0,16.78673186662276,visual_digitization_fig6b,Published Fig. 6(b) displayed electric-potential spectrum; digitized from page image.
0.6575,657500.0,16.52898325164514,visual_digitization_fig6b,Published Fig. 6(b) displayed electric-potential spectrum; digitized from page image.
0.66,660000.0,16.27086737756635,visual_digitization_fig6b,Published Fig. 6(b) displayed electric-potential spectrum; digitized from page image.
0.6625,662500.0,16.01249111776951,visual_digitization_fig6b,Published Fig. 6(b) displayed electric-potential spectrum; digitized from page image.
0.665,665000.0,15.753960118557954,visual_digitization_fig6b,Published Fig. 6(b) displayed electric-potential spectrum; digitized from page image.
0.6675,667500.0,15.495378751204166,visual_digitization_fig6b,Published Fig. 6(b) displayed electric-potential spectrum; digitized from page image.
0.67,670000.0,15.236850067329696,visual_digitization_fig6b,Published Fig. 6(b) displayed electric-potential spectrum; digitized from page image.
0.6725,672500.0,14.978475757645247,visual_digitization_fig6b,Published Fig. 6(b) displayed electric-potential spectrum; digitized from page image.
0.675,675000.0,14.720356114070382,visual_digitization_fig6b,Published Fig. 6(b) displayed electric-potential spectrum; digitized from page image.
0.6775,677500.0,14.462589995243667,visual_digitization_fig6b,Published Fig. 6(b) displayed electric-potential spectrum; digitized from page image.
0.68,680000.0,14.205274795423106,visual_digitization_fig6b,Published Fig. 6(b) displayed electric-potential spectrum; digitized from page image.
0.6825,682500.0,13.948506416767087,visual_digitization_fig6b,Published Fig. 6(b) displayed electric-potential spectrum; digitized from page image.
0.685,685000.0,13.692379244974306,visual_digitization_fig6b,Published Fig. 6(b) displayed electric-potential spectrum; digitized from page image.
0.6875,687500.0,13.43698612825027,visual_digitization_fig6b,Published Fig. 6(b) displayed electric-potential spectrum; digitized from page image.
0.6900000000000001,690000.0,13.182418359555035,visual_digitization_fig6b,Published Fig. 6(b) displayed electric-potential spectrum; digitized from page image.
0.6925,692500.0,12.92876566207509,visual_digitization_fig6b,Published Fig. 6(b) displayed electric-potential spectrum; digitized from page image.
0.6950000000000001,695000.0000000001,12.676116177847964,visual_digitization_fig6b,Published Fig. 6(b) displayed electric-potential spectrum; digitized from page image.
0.6975,697500.0,12.424556459455278,visual_digitization_fig6b,Published Fig. 6(b) displayed electric-potential spectrum; digitized from page image.
0.7000000000000001,700000.0000000001,12.174171464684402,visual_digitization_fig6b,Published Fig. 6(b) displayed electric-potential spectrum; digitized from page image.
0.7025,702500.0,11.925044554044844,visual_digitization_fig6b,Published Fig. 6(b) displayed electric-potential spectrum; digitized from page image.
0.705,705000.0,11.677257491008804,visual_digitization_fig6b,Published Fig. 6(b) displayed electric-potential spectrum; digitized from page image.
0.7075,707500.0,11.430890444829835,visual_digitization_fig6b,Published Fig. 6(b) displayed electric-potential spectrum; digitized from page image.
0.71,710000.0,11.1860219957763,visual_digitization_fig6b,Published Fig. 6(b) displayed electric-potential spectrum; digitized from page image.
0.7125,712500.0,10.94272914259905,visual_digitization_fig6b,Published Fig. 6(b) displayed electric-potential spectrum; digitized from page image.
0.715,715000.0,10.701087312035341,visual_digitization_fig6b,Published Fig. 6(b) displayed electric-potential spectrum; digitized from page image.
0.7175,717500.0,10.461170370132297,visual_digitization_fig6b,Published Fig. 6(b) displayed electric-potential spectrum; digitized from page image.
0.72,720000.0,10.223050635155548,visual_digitization_fig6b,Published Fig. 6(b) displayed electric-potential spectrum; digitized from page image.
0.7225,722500.0,9.986798891829377,visual_digitization_fig6b,Published Fig. 6(b) displayed electric-potential spectrum; digitized from page image.
0.725,725000.0,9.752484406636906,visual_digitization_fig6b,Published Fig. 6(b) displayed electric-potential spectrum; digitized from page image.
0.7275,727500.0,9.520174943889675,visual_digitization_fig6b,Published Fig. 6(b) displayed electric-potential spectrum; digitized from page image.
0.73,730000.0,9.289936782258525,visual_digitization_fig6b,Published Fig. 6(b) displayed electric-potential spectrum; digitized from page image.
0.7325,732500.0,9.061834731439523,visual_digitization_fig6b,Published Fig. 6(b) displayed electric-potential spectrum; digitized from page image.
0.735,735000.0,8.835932148612434,visual_digitization_fig6b,Published Fig. 6(b) displayed electric-potential spectrum; digitized from page image.
0.7375,737500.0,8.612290954332888,visual_digitization_fig6b,Published Fig. 6(b) displayed electric-potential spectrum; digitized from page image.
0.74,740000.0,8.390971647485754,visual_digitization_fig6b,Published Fig. 6(b) displayed electric-potential spectrum; digitized from page image.
0.7425,742500.0,8.172033318913662,visual_digitization_fig6b,Published Fig. 6(b) displayed electric-potential spectrum; digitized from page image.
0.745,745000.0,7.95553366332491,visual_digitization_fig6b,Published Fig. 6(b) displayed electric-potential spectrum; digitized from page image.
0.7475,747500.0,7.741528989075965,visual_digitization_fig6b,Published Fig. 6(b) displayed electric-potential spectrum; digitized from page image.
0.75,750000.0,7.530074225419242,visual_digitization_fig6b,Published Fig. 6(b) displayed electric-potential spectrum; digitized from page image.
0.7525000000000001,752500.0,7.321222926804214,visual_digitization_fig6b,Published Fig. 6(b) displayed electric-potential spectrum; digitized from page image.
0.755,755000.0,7.115027273822303,visual_digitization_fig6b,Published Fig. 6(b) displayed electric-potential spectrum; digitized from page image.
0.7575000000000001,757500.0000000001,6.911538070391558,visual_digitization_fig6b,Published Fig. 6(b) displayed electric-potential spectrum; digitized from page image.
0.76,760000.0,6.710804736788437,visual_digitization_fig6b,Published Fig. 6(b) displayed electric-potential spectrum; digitized from page image.
0.7625000000000001,762500.0000000001,6.512875298149532,visual_digitization_fig6b,Published Fig. 6(b) displayed electric-potential spectrum; digitized from page image.
0.765,765000.0,6.317796368088252,visual_digitization_fig6b,Published Fig. 6(b) displayed electric-potential spectrum; digitized from page image.
0.7675000000000001,767500.0000000001,6.125613127098698,visual_digitization_fig6b,Published Fig. 6(b) displayed electric-potential spectrum; digitized from page image.
0.77,770000.0,5.9363692954537655,visual_digitization_fig6b,Published Fig. 6(b) displayed electric-potential spectrum; digitized from page image.
0.7725,772500.0,5.750107100344927,visual_digitization_fig6b,Published Fig. 6(b) displayed electric-potential spectrum; digitized from page image.
0.775,775000.0,5.566867237059696,visual_digitization_fig6b,Published Fig. 6(b) displayed electric-potential spectrum; digitized from page image.
0.7775,777500.0,5.386688824047706,visual_digitization_fig6b,Published Fig. 6(b) displayed electric-potential spectrum; digitized from page image.
0.78,780000.0,5.2096093517886946,visual_digitization_fig6b,Published Fig. 6(b) displayed electric-potential spectrum; digitized from page image.
0.7825,782500.0,5.035664625445738,visual_digitization_fig6b,Published Fig. 6(b) displayed electric-potential spectrum; digitized from page image.
0.785,785000.0,4.864888701362913,visual_digitization_fig6b,Published Fig. 6(b) displayed electric-potential spectrum; digitized from page image.
0.7875,787500.0,4.697313817550185,visual_digitization_fig6b,Published Fig. 6(b) displayed electric-potential spectrum; digitized from page image.
0.79,790000.0,4.532970318386695,visual_digitization_fig6b,Published Fig. 6(b) displayed electric-potential spectrum; digitized from page image.
0.7925,792500.0,4.371886573868176,visual_digitization_fig6b,Published Fig. 6(b) displayed electric-potential spectrum; digitized from page image.
0.795,795000.0,4.2140888938219705,visual_digitization_fig6b,Published Fig. 6(b) displayed electric-potential spectrum; digitized from page image.
0.7975,797500.0,4.059601437614952,visual_digitization_fig6b,Published Fig. 6(b) displayed electric-potential spectrum; digitized from page image.
0.8,800000.0,3.9084461199820173,visual_digitization_fig6b,Published Fig. 6(b) displayed electric-potential spectrum; digitized from page image.
0.8025,802500.0,3.760642513706298,visual_digitization_fig6b,Published Fig. 6(b) displayed electric-potential spectrum; digitized from page image.
0.805,805000.0,3.6162077499831518,visual_digitization_fig6b,Published Fig. 6(b) displayed electric-potential spectrum; digitized from page image.
0.8075,807500.0,3.4751564173981637,visual_digitization_fig6b,Published Fig. 6(b) displayed electric-potential spectrum; digitized from page image.
0.81,810000.0,3.337500460541127,visual_digitization_fig6b,Published Fig. 6(b) displayed electric-potential spectrum; digitized from page image.
0.8125,812500.0,3.2032490793628883,visual_digitization_fig6b,Published Fig. 6(b) displayed electric-potential spectrum; digitized from page image.
0.8150000000000001,815000.0,3.0724086304560427,visual_digitization_fig6b,Published Fig. 6(b) displayed electric-potential spectrum; digitized from page image.
0.8175,817500.0,2.9449825315034253,visual_digitization_fig6b,Published Fig. 6(b) displayed electric-potential spectrum; digitized from page image.
0.8200000000000001,820000.0000000001,2.820971170186339,visual_digitization_fig6b,Published Fig. 6(b) displayed electric-potential spectrum; digitized from page image.
0.8225,822500.0,2.7003718188770556,visual_digitization_fig6b,Published Fig. 6(b) displayed electric-potential spectrum; digitized from page image.
0.8250000000000001,825000.0000000001,2.583178556454165,visual_digitization_fig6b,Published Fig. 6(b) displayed electric-potential spectrum; digitized from page image.
0.8275,827500.0,2.469382198574544,visual_digitization_fig6b,Published Fig. 6(b) displayed electric-potential spectrum; digitized from page image.
0.8300000000000001,830000.0000000001,2.3589702377096247,visual_digitization_fig6b,Published Fig. 6(b) displayed electric-potential spectrum; digitized from page image.
0.8325,832500.0,2.2519267942067387,visual_digitization_fig6b,Published Fig. 6(b) displayed electric-potential spectrum; digitized from page image.
0.835,835000.0,2.14823257956669,visual_digitization_fig6b,Published Fig. 6(b) displayed electric-potential spectrum; digitized from page image.
0.8375,837500.0,2.047864873038013,visual_digitization_fig6b,Published Fig. 6(b) displayed electric-potential spectrum; digitized from page image.
0.84,840000.0,1.9507975125156687,visual_digitization_fig6b,Published Fig. 6(b) displayed electric-potential spectrum; digitized from page image.
0.8425,842500.0,1.8570009005993866,visual_digitization_fig6b,Published Fig. 6(b) displayed electric-potential spectrum; digitized from page image.
0.845,845000.0,1.7664420265155758,visual_digitization_fig6b,Published Fig. 6(b) displayed electric-potential spectrum; digitized from page image.
0.8475,847500.0,1.6790845044386686,visual_digitization_fig6b,Published Fig. 6(b) displayed electric-potential spectrum; digitized from page image.
0.85,850000.0,1.5948886285660988,visual_digitization_fig6b,Published Fig. 6(b) displayed electric-potential spectrum; digitized from page image.
0.8525,852500.0,1.513811445107936,visual_digitization_fig6b,Published Fig. 6(b) displayed electric-potential spectrum; digitized from page image.
0.855,855000.0,1.4358068411519236,visual_digitization_fig6b,Published Fig. 6(b) displayed electric-potential spectrum; digitized from page image.
0.8575,857500.0,1.360825650159763,visual_digitization_fig6b,Published Fig. 6(b) displayed electric-potential spectrum; digitized from page image.
0.86,860000.0,1.2888157736459402,visual_digitization_fig6b,Published Fig. 6(b) displayed electric-potential spectrum; digitized from page image.
0.8625,862500.0,1.2197223183889203,visual_digitization_fig6b,Published Fig. 6(b) displayed electric-potential spectrum; digitized from page image.
0.865,865000.0,1.1534877483311645,visual_digitization_fig6b,Published Fig. 6(b) displayed electric-potential spectrum; digitized from page image.
0.8675,867500.0,1.090052050141767,visual_digitization_fig6b,Published Fig. 6(b) displayed electric-potential spectrum; digitized from page image.
0.87,870000.0,1.0293529112481579,visual_digitization_fig6b,Published Fig. 6(b) displayed electric-potential spectrum; digitized from page image.
0.8725,872500.0,0.9713259089934185,visual_digitization_fig6b,Published Fig. 6(b) displayed electric-potential spectrum; digitized from page image.
0.875,875000.0,0.9159047094470192,visual_digitization_fig6b,Published Fig. 6(b) displayed electric-potential spectrum; digitized from page image.
0.8775000000000001,877500.0,0.8630212742906478,visual_digitization_fig6b,Published Fig. 6(b) displayed electric-potential spectrum; digitized from page image.
0.88,880000.0,0.8126060741196376,visual_digitization_fig6b,Published Fig. 6(b) displayed electric-potential spectrum; digitized from page image.
0.8825000000000001,882500.0000000001,0.7645883064449286,visual_digitization_fig6b,Published Fig. 6(b) displayed electric-potential spectrum; digitized from page image.
0.885,885000.0,0.7188961166515087,visual_digitization_fig6b,Published Fig. 6(b) displayed electric-potential spectrum; digitized from page image.
0.8875000000000001,887500.0000000001,0.6754568201662764,visual_digitization_fig6b,Published Fig. 6(b) displayed electric-potential spectrum; digitized from page image.
0.89,890000.0,0.6341971241111575,visual_digitization_fig6b,Published Fig. 6(b) displayed electric-potential spectrum; digitized from page image.
0.8925000000000001,892500.0000000001,0.5950433467642837,visual_digitization_fig6b,Published Fig. 6(b) displayed electric-potential spectrum; digitized from page image.
0.895,895000.0,0.5579216332219539,visual_digitization_fig6b,Published Fig. 6(b) displayed electric-potential spectrum; digitized from page image.
0.8975,897500.0,0.5227581657442976,visual_digitization_fig6b,Published Fig. 6(b) displayed electric-potential spectrum; digitized from page image.
0.9,900000.0,0.48947936737600534,visual_digitization_fig6b,Published Fig. 6(b) displayed electric-potential spectrum; digitized from page image.
0.9025,902500.0,0.4580120975570617,visual_digitization_fig6b,Published Fig. 6(b) displayed electric-potential spectrum; digitized from page image.
0.905,905000.0,0.42828383857438473,visual_digitization_fig6b,Published Fig. 6(b) displayed electric-potential spectrum; digitized from page image.
0.9075,907500.0,0.40022287185059463,visual_digitization_fig6b,Published Fig. 6(b) displayed electric-potential spectrum; digitized from page image.
0.91,910000.0,0.37375844321757923,visual_digitization_fig6b,Published Fig. 6(b) displayed electric-potential spectrum; digitized from page image.
0.9125,912500.0,0.34882091647739416,visual_digitization_fig6b,Published Fig. 6(b) displayed electric-potential spectrum; digitized from page image.
0.915,915000.0,0.32534191470817486,visual_digitization_fig6b,Published Fig. 6(b) displayed electric-potential spectrum; digitized from page image.
0.9175,917500.0,0.30325444892580833,visual_digitization_fig6b,Published Fig. 6(b) displayed electric-potential spectrum; digitized from page image.
0.92,920000.0,0.28249303386040386,visual_digitization_fig6b,Published Fig. 6(b) displayed electric-potential spectrum; digitized from page image.
0.9225,922500.0,0.2629937907482878,visual_digitization_fig6b,Published Fig. 6(b) displayed electric-potential spectrum; digitized from page image.
0.925,925000.0,0.2446945371732616,visual_digitization_fig6b,Published Fig. 6(b) displayed electric-potential spectrum; digitized from page image.
0.9275,927500.0,0.22753486411392443,visual_digitization_fig6b,Published Fig. 6(b) displayed electric-potential spectrum; digitized from page image.
0.93,930000.0,0.21145620046566463,visual_digitization_fig6b,Published Fig. 6(b) displayed electric-potential spectrum; digitized from page image.
0.9325,932500.0,0.19640186540577204,visual_digitization_fig6b,Published Fig. 6(b) displayed electric-potential spectrum; digitized from page image.
0.935,935000.0,0.18231710905734963,visual_digitization_fig6b,Published Fig. 6(b) displayed electric-potential spectrum; digitized from page image.
0.9375,937500.0,0.16914914198225361,visual_digitization_fig6b,Published Fig. 6(b) displayed electric-potential spectrum; digitized from page image.
0.9400000000000001,940000.0,0.15684715409501063,visual_digitization_fig6b,Published Fig. 6(b) displayed electric-potential spectrum; digitized from page image.
0.9425,942500.0,0.14536232363901075,visual_digitization_fig6b,Published Fig. 6(b) displayed electric-potential spectrum; digitized from page image.
0.9450000000000001,945000.0000000001,0.13464781690354838,visual_digitization_fig6b,Published Fig. 6(b) displayed electric-potential spectrum; digitized from page image.
0.9475,947500.0,0.12465877938628364,visual_digitization_fig6b,Published Fig. 6(b) displayed electric-potential spectrum; digitized from page image.
0.9500000000000001,950000.0000000001,0.115352319121044,visual_digitization_fig6b,Published Fig. 6(b) displayed electric-potential spectrum; digitized from page image.
0.9525,952500.0,0.10668748289660766,visual_digitization_fig6b,Published Fig. 6(b) displayed electric-potential spectrum; digitized from page image.
0.9550000000000001,955000.0000000001,0.0986252260890033,visual_digitization_fig6b,Published Fig. 6(b) displayed electric-potential spectrum; digitized from page image.
0.9575,957500.0,0.09112837681905214,visual_digitization_fig6b,Published Fig. 6(b) displayed electric-potential spectrum; digitized from page image.
0.96,960000.0,0.08416159512925067,visual_digitization_fig6b,Published Fig. 6(b) displayed electric-potential spectrum; digitized from page image.
0.9625,962500.0,0.07769132785073699,visual_digitization_fig6b,Published Fig. 6(b) displayed electric-potential spectrum; digitized from page image.
0.965,965000.0,0.07168575980291206,visual_digitization_fig6b,Published Fig. 6(b) displayed electric-potential spectrum; digitized from page image.
0.9675,967500.0,0.0661147619362492,visual_digitization_fig6b,Published Fig. 6(b) displayed electric-potential spectrum; digitized from page image.
0.97,970000.0,0.060949836993811665,visual_digitization_fig6b,Published Fig. 6(b) displayed electric-potential spectrum; digitized from page image.
0.9725,972500.0,0.0561640632297838,visual_digitization_fig6b,Published Fig. 6(b) displayed electric-potential spectrum; digitized from page image.
0.975,975000.0,0.051732036684687385,visual_digitization_fig6b,Published Fig. 6(b) displayed electric-potential spectrum; digitized from page image.
0.9775,977500.0,0.04762981247753302,visual_digitization_fig6b,Published Fig. 6(b) displayed electric-potential spectrum; digitized from page image.
0.98,980000.0,0.04383484553557109,visual_digitization_fig6b,Published Fig. 6(b) displayed electric-potential spectrum; digitized from page image.
0.9825,982500.0,0.04032593114303307,visual_digitization_fig6b,Published Fig. 6(b) displayed electric-potential spectrum; digitized from page image.
0.985,985000.0,0.03708314565177794,visual_digitization_fig6b,Published Fig. 6(b) displayed electric-potential spectrum; digitized from page image.
0.9875,987500.0,0.03408778765939813,visual_digitization_fig6b,Published Fig. 6(b) displayed electric-potential spectrum; digitized from page image.
0.99,990000.0,0.03132231992444795,visual_digitization_fig6b,Published Fig. 6(b) displayed electric-potential spectrum; digitized from page image.
0.9925,992500.0,0.02877031225422418,visual_digitization_fig6b,Published Fig. 6(b) displayed electric-potential spectrum; digitized from page image.
0.995,995000.0,0.02641638556817961,visual_digitization_fig6b,Published Fig. 6(b) displayed electric-potential spectrum; digitized from page image.
0.9975,997500.0,0.024246157309675904,visual_digitization_fig6b,Published Fig. 6(b) displayed electric-potential spectrum; digitized from page image.
1.0,1000000.0,0.02224618835050368,visual_digitization_fig6b,Published Fig. 6(b) displayed electric-potential spectrum; digitized from page image.
